<wpml-config>
    <admin-texts>
        <key name="theme_mods_infinite_photography">
            <key name="infinite_photography_theme_options">
                <key name="infinite-photography-enable-feature"/>
                <key name="infinite-photography-feature-text"/>
                <key name="infinite-photography-header-logo"/>
                <key name="infinite-photography-header-id-display-opt"/>
                <key name="infinite-photography-facebook-url"/>
                <key name="infinite-photography-twitter-url"/>
                <key name="infinite-photography-youtube-url"/>
                <key name="infinite-photography-instagram-url"/>
                <key name="infinite-photography-google-plus-url"/>
                <key name="infinite-photography-pinterest-url"/>
                <key name="infinite-photography-enable-social"/>
                <key name="infinite-photography-show-search"/>
                <key name="infinite-photography-footer-copyright"/>
                <key name="infinite-photography-sidebar-layout"/>
                <key name="infinite-photography-front-page-sidebar-layout"/>
                <key name="infinite-photography-archive-sidebar-layout"/>
                <key name="infinite-photography-header-height"/>
                <key name="infinite-photography-blog-archive-image-size"/>
                <key name="infinite-photography-blog-archive-click-image-size"/>
                <key name="infinite-photography-blog-archive-layout"/>
                <key name="infinite-photography-primary-color"/>
                <key name="infinite-photography-custom-css"/>
                <key name="infinite-photography-show-related"/>
                <key name="infinite-photography-related-title"/>
                <key name="infinite-photography-related-post-display-from"/>
                <key name="infinite-photography-single-image-size"/>
                <key name="infinite-photography-search-placeholder"/>
                <key name="infinite-photography-show-breadcrumb"/>
                <key name="infinite-photography-wc-shop-archive-sidebar-layout"/>
                <key name="infinite-photography-wc-product-column-number"/>
                <key name="infinite-photography-wc-shop-archive-total-product"/>
                <key name="infinite-photography-wc-single-product-sidebar-layout"/>
                <key name="infinite-photography-reset-options"/>
            </key>
        </key>
    </admin-texts>
</wpml-config>






