{"sidebar-1":{"search-2":{"title":""},"recent-posts-2":{"title":"","number":5},"recent-comments-2":{"title":"","number":5},"archives-2":{"title":"","count":0,"dropdown":0},"categories-2":{"title":"","count":0,"hierarchical":0,"dropdown":0},"meta-2":{"title":""}},"footer":{"text-2":{"title":"Frolic","text":"Structure personal participate in ethics training as part of our best practices program and each employee is provided with a skillset that help them makes the best decisions.","filter":true,"visual":true}},"footer-2":{"calendar-2":{"title":"Calendar"}},"footer-3":{"custom_html-2":{"title":"Contact Details","content":"<ul>\r\n\t<li>14 Tottenham Court Road, London, English<\/li>\r\n\t<li>(102) 6666 8888<\/li>\r\n\t<li>example.com<\/li>\r\n\t<li>(102) 8888 9999<\/li>\r\n\t<li>Mon - Sat: 9:00 - 18:00<\/li>\r\n<\/ul>"}}}