{"patterns":[{"id":"jigsaw","formattedName":"Jigsaw"},{"id":"overcast","formattedName":"Overcast"},{"id":"formalInvitation","formattedName":"Formal Invitation"},{"id":"topography","formattedName":"Topography"},{"id":"texture","formattedName":"Texture"},{"id":"jupiter","formattedName":"Jupiter"},{"id":"architect","formattedName":"Architect"},{"id":"cutout","formattedName":"Cutout"},{"id":"hideout","formattedName":"Hideout"},{"id":"graphPaper","formattedName":"Graph Paper"},{"id":"yyy","formattedName":"Yyy"},{"id":"squares","formattedName":"Squares"},{"id":"fallingTriangles","formattedName":"Falling Triangles"},{"id":"pianoMan","formattedName":"Piano Man"},{"id":"pieFactory","formattedName":"Pie Factory"},{"id":"dominos","formattedName":"Dominos"},{"id":"hexagons","formattedName":"Hexagons"},{"id":"charlieBrown","formattedName":"Charlie Brown"},{"id":"autumn","formattedName":"Autumn"},{"id":"temple","formattedName":"Temple"},{"id":"stampCollection","formattedName":"Stamp Collection"},{"id":"deathStar","formattedName":"Death Star"},{"id":"churchOnSunday","formattedName":"Church On Sunday"},{"id":"iLikeFood","formattedName":"I Like Food"},{"id":"overlappingHexagons","formattedName":"Overlapping Hexagons"},{"id":"fourPointStars","formattedName":"Four Point Stars"},{"id":"bamboo","formattedName":"Bamboo"},{"id":"bathroomFloor","formattedName":"Bathroom Floor"},{"id":"corkScrew","formattedName":"Cork Screw"},{"id":"happyIntersection","formattedName":"Happy Intersection"},{"id":"kiwi","formattedName":"Kiwi"},{"id":"lips","formattedName":"Lips"},{"id":"lisbon","formattedName":"Lisbon"},{"id":"randomShapes","formattedName":"Random Shapes"},{"id":"steelBeams","formattedName":"Steel Beams"},{"id":"tinyCheckers","formattedName":"Tiny Checkers"},{"id":"xEquals","formattedName":"X Equals"},{"id":"anchorsAway","formattedName":"Anchors Away"},{"id":"bevelCircle","formattedName":"Bevel Circle"},{"id":"brickWall","formattedName":"Brick Wall"},{"id":"fancyRectangles","formattedName":"Fancy Rectangles"},{"id":"heavyRain","formattedName":"Heavy Rain"},{"id":"overlappingCircles","formattedName":"Overlapping Circles"},{"id":"plus","formattedName":"Plus"},{"id":"roundedPlusConnected","formattedName":"Rounded Plus Connected"},{"id":"volcanoLamp","formattedName":"Volcano Lamp"},{"id":"wiggle","formattedName":"Wiggle"},{"id":"bubbles","formattedName":"Bubbles"},{"id":"cage","formattedName":"Cage"},{"id":"connections","formattedName":"Connections"},{"id":"current","formattedName":"Current"},{"id":"diagonalStripes","formattedName":"Diagonal Stripes"},{"id":"flippedDiamonds","formattedName":"Flipped Diamonds"},{"id":"floatingCogs","formattedName":"Floating Cogs"},{"id":"glamorous","formattedName":"Glamorous"},{"id":"houndstooth","formattedName":"Houndstooth"},{"id":"leaf","formattedName":"Leaf"},{"id":"linesInMotion","formattedName":"Lines In Motion"},{"id":"moroccan","formattedName":"Moroccan"},{"id":"morphingDiamonds","formattedName":"Morphing Diamonds"},{"id":"rails","formattedName":"Rails"},{"id":"rain","formattedName":"Rain"},{"id":"skulls","formattedName":"Skulls"},{"id":"squaresInSquares","formattedName":"Squares In Squares"},{"id":"stripes","formattedName":"Stripes"},{"id":"ticTacToe","formattedName":"Tic Tac Toe"},{"id":"zigZag","formattedName":"Zig Zag"},{"id":"aztec","formattedName":"Aztec"},{"id":"bankNote","formattedName":"Bank Note"},{"id":"boxes","formattedName":"Boxes"},{"id":"circlesAndSquares","formattedName":"Circles And Squares"},{"id":"circuitBoard","formattedName":"Circuit Board"},{"id":"curtain","formattedName":"Curtain"},{"id":"diagonalLines","formattedName":"Diagonal Lines"},{"id":"endlessClouds","formattedName":"Endless Clouds"},{"id":"eyes","formattedName":"Eyes"},{"id":"floorTile","formattedName":"Floor Tile"},{"id":"groovy","formattedName":"Groovy"},{"id":"intersectingCircles","formattedName":"Intersecting Circles"},{"id":"melt","formattedName":"Melt"},{"id":"overlappingDiamonds","formattedName":"Overlapping Diamonds"},{"id":"parkayFloor","formattedName":"Parkay Floor"},{"id":"pixelDots","formattedName":"Pixel Dots"},{"id":"polkaDots","formattedName":"Polka Dots"},{"id":"signal","formattedName":"Signal"},{"id":"slantedStars","formattedName":"Slanted Stars"},{"id":"wallpaper","formattedName":"Wallpaper"}]}