{
   "standard":{
      "label":"Standard",
      "thumb": "/inc/customizer/demo/preivew-unapp.png",
      "tag":[
         "business"
      ],
      "posts":{
         "label":"Posts",
         "content":{
            "importer":{
               "class":"Epsilon_Post_Generator",
               "method":"add_posts"
            },
            "post_count":4,
            "image_size":[
               680,
               470
            ],
            "image_category":[
               "business",
               "travel",
               "cinema",
               "event",
               "work"
            ]
         }
      },
      "options":{
         "label":"Theme Options",
         "content":{
            "unapp_footer_columns":{
               "id":"unapp_footer_columns",
               "label":"Footer Columns",
               "setting":"unapp_footer_columns",
               "content":"{\"columnsCount\":3,\"columns\":{\"1\":{\"index\":1,\"span\":\"4\"}, \"2\":{\"index\":2,\"span\":\"4\"}, \"3\":{\"index\":3,\"span\":\"4\"}}}"
            },
            "frontpage":{
               "id":"frontpage",
               "label":"Set frontpage to static",
               "setting":"default",
               "content":"default"
            },
            "blogpage":{
               "id":"blogpage",
               "label":"Set blog page",
               "setting":"default",
               "content":"default"
            }
         }
      },
      "widgets":{
         "label":"Widgets",
         "content":{
            "sidebar-1":{
               "search-2":{
                  "title":""
               },
               "recent-posts-2":{
                  "title":"",
                  "number":5
               },
               "archives-2":{
                  "title":"",
                  "count":0,
                  "dropdown":0
               },
               "categories-2":{
                  "title":"",
                  "count":0,
                  "hierarchical":0,
                  "dropdown":0
               },
               "meta-2":{
                  "title":""
               }
            },
            "footer-sidebar-1":{
               "custom_html":{
                  "title":"About Unapp",
                  "content":"<p>Far from the countries Vokalia and Consonantia, there live the blind texts. Separated they live in Bookmarksgrove right at the coast of the Semantics</p><ul class=\"colorlib-social-icons\"><li><a href=\"#\"><i class=\"icon-facebook\"></i></a></li><li><a href=\"#\"><i class=\"icon-twitter\"></i></a></li><li><a href=\"#\"><i class=\"icon-linkedin\"></i></a></li><li><a href=\"#\"><i class=\"icon-dribbble\"></i></a></li></ul>"
               }
            },
            "footer-sidebar-2":{
               "unapp_recent_post":{
                  "title":"Recent Blog",
                  "number":4
               }
            },
            "footer-sidebar-3":{
               "custom_html":{
                  "title":"Contact Info",
                  "content":"<ul class=\"colorlib-footer-links\"><li>291 South 21th Street, Suite 721 New York NY 10016</li><li><a href=\"#\"><i class=\"icon-phone\"></i> + 1235 2355 98</a></li><li><a href=\"mailto:info@yoursite.com\"><i class=\"icon-envelope\"></i>nfo@yoursite.com</a></li><li><a href=\"yourwebsite.com\"><i class=\"icon-location4\"></i>yourwebsite.com</a></li></ul>"
               }
            }
         }
      },
      "plugins":{
         "label":"Plugins",
         "content":{
            "contact-form-7":"Contact Form 7",
            "mailchimp-for-wp": "MailChimp for WordPress"
         }
      },
      "menus":{
         "label":"Menus",
         "content":{
            "primary":{
               "id":"header_menu",
               "label":"Header Menu",
               "menu":[
                  {
                     "href":"#",
                     "label":"Services"
                  },
                  {
                     "href":"#",
                     "label":"Portfolio",
                     "submenus":[
                        {
                           "href":"#",
                           "label":"Portfolio"
                        },
                        {
                           "href":"#",
                           "label":"Portfolio Grid"
                        },
                        {
                           "href":"#",
                           "label":"Portfolio Grid With Text"
                        }
                     ]
                  },
                  {
                     "href":"#",
                     "label":"About"
                  },
                  {
                     "href":"#",
                     "label":"Contact"
                  }
               ]
            }
         }
      },
      "sections":{
         "id":"sections",
         "label":"Sections",
         "content":{
            "banner70938":{
               "id":"banner70938",
               "label":"Banner",
               "setting":"unapp_frontpage_sections",
               "content":{
                  "banner_title" : "Take on your biggest projects and goals",
                  "banner_subtitle" : "with Unapp high quality features",
                  "banner_button_text" : "Get Premium",
                  "banner_button_link" : "#",
                  "banner_animate" : "",
                  "banner_background_color" : "",
                  "banner_background_color_opacity" : "0.95",
                  "banner_background_image" : "\/assets\/images\/cover_img_1.jpg",
                  "banner_background_position" : "center",
                  "banner_background_size" : "cover",
                  "banner_background_repeat" : "no-repeat",
                  "banner_background_parallax" : "",
                  "banner_background_video" : "https://www.youtube.com/watch?v=vqqt5p0q-eU",
                  "banner_row_spacing_top" : "none",
                  "banner_row_spacing_bottom" : "none",
                  "index":"2",
                  "type" : "banner"
               }
            },
            "slider83695":{
               "id":"slider83695",
               "label":"Slider",
               "setting":"unapp_frontpage_sections",
               "content":{
                  "slider_navigation":"",
                  "slider_grouping":[
                     "all"
                  ],
                  "slider_animate":"",
                  "slider_repeater_field":"unapp_slides",
                  "slider_section_class":"section-slider-706783695",
                  "index":"1",
                  "type":"slider"
               }
            },
            "services45855":{
               "id":"services45855",
               "label":"Services",
               "setting":"unapp_frontpage_sections",
               "content":{
                  "services_grouping":[
                     "all"
                  ],
                  "services_navigation":"",
                  "services_repeater_field":"unapp_services",
                  "services_section_class":"section-services-1187729178",
                  "services_background_color":"#ffffff",
                  "services_background_color_opacity":"1",
                  "services_background_image":"",
                  "services_background_position":"center",
                  "services_background_size":"initial",
                  "services_background_repeat":"repeat",
                  "services_background_parallax":"",
                  "services_background_video":"",
                  "services_column_stretch":"boxedin",
                  "services_row_spacing_top":"md",
                  "services_row_spacing_bottom":"md",
                  "services_column_group":"3",
                  "services_column_alignment":"center",
                  "services_heading_color":"",
                  "services_text_color":"",
                  "index":"2",
                  "type":"services"
               }
            },
            "collaborate352619":{
               "id":"collaborate352619",
               "label":"Collaborate",
               "setting":"unapp_frontpage_sections",
               "content":{
                  "collaborate_title":"Collaborate with your design team in a new way",
                  "collaborate_subtitle":"Even the all-powerful Pointing has no control about the blind texts it is an almost unorthographic life One day however a small line of blind text by the name of Lorem Ipsum decided to leave for the far World of Grammar.",
                  "collaborate_text_animate":"",
                  "collaborate_video_link":"https://vimeo.com/channels/staffpicks/93951774",
                  "collaborate_video_animate":"",
                  "collaborate_section_class":"section-collaborate-1979352619",
                  "collaborate_background_color":"",
                  "collaborate_background_color_opacity":"1",
                  "collaborate_background_image":"",
                  "collaborate_background_position":"center",
                  "collaborate_background_size":"initial",
                  "collaborate_background_repeat":"repeat",
                  "collaborate_background_parallax":"",
                  "collaborate_background_video":"",
                  "collaborate_column_stretch":"boxedin",
                  "collaborate_row_spacing_top":"lg",
                  "collaborate_row_spacing_bottom":"lg",
                  "collaborate_heading_color":"",
                  "collaborate_text_color":"",
                  "index":"3",
                  "type":"collaborate"
               }
            },
            "features1":{
               "id":"features1",
               "label":"Features",
               "setting":"unapp_frontpage_sections",
               "content":{
                  "features_title" : "Real template creation",
                  "features_image" : "\/assets\/images\/mobile-2.jpg",
                  "features_image_animate" : "",
                  "features_btn_text" : "Start collaborating",
                  "features_btn_link" : "#",
                  "features_text_animate" : "",
                  "section_id" : "",
                  "features_grouping" : [ "all" ],
                  "features_background_color" : "",
                  "features_background_color_opacity" : "1",
                  "features_background_image" : false,
                  "features_background_position" : "center",
                  "features_background_size" : "cover",
                  "features_background_repeat" : "no-repeat",
                  "features_background_parallax" : "",
                  "features_background_video" : "",
                  "features_row_title_align" : "left",
                  "features_column_stretch" : "boxedin",
                  "features_row_spacing_top" : "md",
                  "features_row_spacing_bottom" : "md",
                  "features_column_alignment" : "left",
                  "features_column_vertical_alignment" : "middle",
                  "index" : "4",
                  "type" : "features"
               }
            },
            "features2":{
               "id":"features2",
               "label":"Features",
               "setting":"unapp_frontpage_sections",
               "content":{
                  "features_title" : "Finish template creation",
                  "features_image" : "\/assets\/images\/mobile-1.jpg",
                  "features_image_animate" : "",
                  "features_btn_text" : "Start collaborating",
                  "features_btn_link" : "#",
                  "features_text_animate" : "",
                  "section_id" : "",
                  "features_grouping" : [ "all" ],
                  "features_background_color" : "",
                  "features_background_color_opacity" : "1",
                  "features_background_image" : false,
                  "features_background_position" : "center",
                  "features_background_size" : "cover",
                  "features_background_repeat" : "no-repeat",
                  "features_background_parallax" : "",
                  "features_background_video" : "",
                  "features_row_title_align" : "right",
                  "features_column_stretch" : "boxedin",
                  "features_row_spacing_top" : "none",
                  "features_row_spacing_bottom" : "md",
                  "features_column_alignment" : "left",
                  "features_column_vertical_alignment" : "middle",
                  "index" : "4",
                  "type" : "features"
               }
            },
            "counter326771":{
               "id":"counter326771",
               "label":"Counter",
               "setting":"unapp_frontpage_sections",
               "content":{
                  "counter_grouping":[
                     "all"
                  ],
                  "counter_navigation":"",
                  "counter_repeater_field":"unapp_counter",
                  "counter_section_class":"section-counter-284326771",
                  "counter_background_color":"",
                  "counter_background_color_opacity":"0.95",
                  "counter_background_image" : "\/assets\/images\/cover_img_1.jpg",
                  "counter_background_position" : "center",
                  "counter_background_size" : "cover",
                  "counter_background_repeat" : "no-repeat",
                  "counter_background_parallax":"1",
                  "counter_background_video":"",
                  "counter_column_stretch":"oxedin",
                  "counter_column_group":"3",
                  "counter_column_alignment":"center",
                  "counter_heading_color":"",
                  "counter_text_color":"",
                  "index":"6",
                  "type":"counter"
               }
            },
            "blog203732":{
               "id":"blog203732",
               "label":"Blog",
               "setting":"unapp_frontpage_sections",
               "content":{
                  "blog_title":"News from our Blog",
                  "blog_subtitle":"Even the all-powerful Pointing has no control about the blind texts it is an almost unorthographic life One day however a small line of blind text by the name of Lorem Ipsum decided to leave for the far World of Grammar.",
                  "blog_post_count":"3",
                  "blog_animate":"",
                  "blog_section_class":"section-blog-44203732",
                  "blog_background_color":"",
                  "blog_background_color_opacity":"1",
                  "blog_background_image":"",
                  "blog_background_position":"center",
                  "blog_background_size":"initial",
                  "blog_background_repeat":"repeat",
                  "blog_background_parallax":"",
                  "blog_background_video":"",
                  "blog_row_spacing_top":"md",
                  "blog_row_spacing_bottom":"md",
                  "blog_heading_color":"",
                  "blog_text_color":"",
                  "index":"7",
                  "type":"blog"
               }
            },
            "subscribe76251":{
               "id":"subscribe76251",
               "label":"Subscribe",
               "setting":"unapp_frontpage_sections",
               "content":{
                  "subscribe_title":"Already trusted by over 10,000 users",
                  "subscribe_subtitle":"Subscribe to receive unapp tips from instructors right to your inbox.",
                  "subscribe_text_animate":"",
                  "subscribe_shortcode":"",
                  "subscribe_btn_animate":"",
                  "subscribe_section_class":"section-subscribe-952576251",
                  "subscribe_background_color":"",
                  "subscribe_background_color_opacity":"0.95",
                  "subscribe_background_image" : "\/assets\/images\/cover_img_1.jpg",
                  "subscribe_background_position" : "center",
                  "subscribe_background_size" : "cover",
                  "subscribe_background_repeat" : "no-repeat",
                  "subscribe_background_parallax":"1",
                  "subscribe_background_video":"",
                  "subscribe_column_stretch":"boxedin",
                  "subscribe_row_spacing_top":"md",
                  "subscribe_row_spacing_bottom":"md",
                  "subscribe_heading_color":"",
                  "subscribe_text_color":"",
                  "index":"8",
                  "type":"subscribe"
               }
            },
            "pricing489144":{
               "id":"pricing489144",
               "label":"Pricing",
               "setting":"unapp_frontpage_sections",
               "content":{
                  "pricing_title":"Pricing",
                  "pricing_subtitle":"Even the all-powerful Pointing has no control about the blind texts it is an almost unorthographic life One day however a small line of blind text by the name",
                  "pricing_grouping":[
                     "all"
                  ],
                  "pricing_navigation":"",
                  "pricing_repeater_field":"unapp_pricing",
                  "pricing_section_class":"section-pricing-1473489144",
                  "pricing_background_color":"",
                  "pricing_background_color_opacity":"1",
                  "pricing_background_image":"",
                  "pricing_background_position":"center",
                  "pricing_background_size":"initial",
                  "pricing_background_repeat":"repeat",
                  "pricing_background_parallax":"",
                  "pricing_background_video":"",
                  "pricing_column_stretch":"boxedin",
                  "pricing_row_spacing_top":"md",
                  "pricing_row_spacing_bottom":"md",
                  "pricing_column_group":"4",
                  "pricing_column_alignment":"center",
                  "pricing_heading_color":"",
                  "pricing_text_color":"",
                  "index":"9",
                  "type":"pricing"
               }
            }
         }
      },
      "content":{
         "id":"content",
         "label":"Content",
         "content":{
            "slider":{
               "id":"slider",
               "setting":"unapp_slides",
               "content":{
                  "0":{
                     "slides_title":"Growing your business",
                     "slides_image":"\/assets\/images\/dashboard_full_1.jpg"
                  },
                  "1":{
                     "slides_title":"CRM Dash",
                     "slides_image":"\/assets\/images\/dashboard_full_2.jpg"
                  },
                  "2":{
                     "slides_title":"Growing your business",
                     "slides_image":"\/assets\/images\/dashboard_full_3.jpg"
                  }
               }
            },
            "services":{
               "id":"services",
               "setting":"unapp_services",
               "content":{
                  "0":{
                     "service_title":"Create your own template",
                     "service_desc":"Far far away, behind the word mountains, far from the countries Vokalia and Consonantia, there live the blind texts.",
                     "service_icon":"fa fa-briefcase",
                     "services_animate":""

                  },
                  "1":{
                     "service_title":"Automatic Backup Data",
                     "service_desc":"Far far away, behind the word mountains, far from the countries Vokalia and Consonantia, there live the blind texts.",
                     "service_icon":"fa fa-database",
                     "services_animate":""
                  },
                  "2":{
                     "service_title":"Page Builder",
                     "service_desc":"Far far away, behind the word mountains, far from the countries Vokalia and Consonantia, there live the blind texts.",
                     "service_icon":"fa fa-book",
                     "services_animate":""
                  }
               }
            },
            "features":{
               "id":"features",
               "setting":"unapp_features",
               "content":{
                  "0":{
                     "features_icon":"fa fa-bell-o",
                     "features_description":"Even the all-powerful Pointing has no control about the blind texts it is an almost unorthographic life One day however a small line of blind text by the name of Lorem Ipsum decided to leave for the far World of Grammar."
                  },
                  "1":{
                     "features_icon":"fa fa-flask",
                     "features_description":"Even the all-powerful Pointing has no control about the blind texts it is an almost unorthographic life One day however a small line of blind text by the name of Lorem Ipsum decided to leave for the far World of Grammar."
                  },
                  "2":{
                     "features_icon":"fa fa-tencent-weibo",
                     "features_description":"Even the all-powerful Pointing has no control about the blind texts it is an almost unorthographic life One day however a small line of blind text by the name of Lorem Ipsum decided to leave for the far World of Grammar."
                  }
               }
            },
            "counter":{
               "id":"counter",
               "setting":"unapp_counter",
               "content":{
                  "0":{
                     "counter_title":"1500",
                     "counter_description":"Of customers are satisfied with our professional support",
                     "counter_animate":""
                  },
                  "1":{
                     "counter_title":"500",
                     "counter_description":"Of customers are satisfied with our professional support",
                     "counter_animate":""
                  },
                  "2":{
                     "counter_title":"1200",
                     "counter_description":"Of customers are satisfied with our professional support",
                     "counter_animate":""
                  }
               }
            },
            "pricing":{
               "id":"pricing",
               "setting":"unapp_pricing",
               "label":"Price boxes",
               "content":{
                  "0":{
                     "price_box_title":"Standard",
                     "price_box_currency":"$",
                     "price_box_price":"9",
                     "price_box_period":"month",
                     "price_btn_text":"Get started",
                     "price_box_url":"#",
                     "price_box_features":"Far far away, behind the word mountains, far from the countries Vokalia and Consonantia, there live the blind texts.",
                     "pricing_animate":""
                  },
                  "1":{
                     "price_box_title":"Basic",
                     "price_box_currency":"$",
                     "price_box_price":"27",
                     "price_box_period":"month",
                     "price_btn_text":"Get started",
                     "price_box_url":"#",
                     "price_box_features":"Far far away, behind the word mountains, far from the countries Vokalia and Consonantia, there live the blind texts.",
                     "pricing_animate":""
                  },
                  "2":{
                     "price_box_title":"Pro",
                     "price_box_currency":"$",
                     "price_box_price":"74",
                     "price_box_period":"month",
                     "price_btn_text":"Get started",
                     "price_box_url":"#",
                     "price_box_features":"Far far away, behind the word mountains, far from the countries Vokalia and Consonantia, there live the blind texts.",
                     "pricing_animate":""
                  },
                  "3":{
                     "price_box_title":"Unlimited",
                     "price_box_currency":"$",
                     "price_box_price":"140",
                     "price_box_period":"month",
                     "price_btn_text":"Get started",
                     "price_box_url":"#",
                     "price_box_features":"Far far away, behind the word mountains, far from the countries Vokalia and Consonantia, there live the blind texts.",
                     "pricing_animate":""
                  }
               }
            }
         }
      }
   }
}